<?phpxml version="1.0" encoding="utf-8" ?>
<dwsync>
<file name="basicwriter.js" server="ftp.paradigmasimulacra.es//html/" local="129103479000000000" remote="129165900600000000" />
<file name="cdata.js" server="ftp.paradigmasimulacra.es//html/" local="129103479000000000" remote="129165900600000000" />
<file name="comment.js" server="ftp.paradigmasimulacra.es//html/" local="129103479000000000" remote="129165900600000000" />
<file name="element.js" server="ftp.paradigmasimulacra.es//html/" local="129103479000000000" remote="129165900600000000" />
<file name="filter.js" server="ftp.paradigmasimulacra.es//html/" local="129103479000000000" remote="129165901200000000" />
<file name="fragment.js" server="ftp.paradigmasimulacra.es//html/" local="129103479000000000" remote="129165901200000000" />
<file name="text.js" server="ftp.paradigmasimulacra.es//html/" local="129103479000000000" remote="129165901200000000" />
<file name="basicwriter.js" server="paradigmasimulacra.es/html/" local="129165900600000000" remote="129165900600000000" />
<file name="cdata.js" server="paradigmasimulacra.es/html/" local="129165900600000000" remote="129165900600000000" />
<file name="comment.js" server="paradigmasimulacra.es/html/" local="129165900600000000" remote="129165900600000000" />
<file name="element.js" server="paradigmasimulacra.es/html/" local="129165900600000000" remote="129165900600000000" />
<file name="filter.js" server="paradigmasimulacra.es/html/" local="129165901200000000" remote="129165901200000000" />
<file name="fragment.js" server="paradigmasimulacra.es/html/" local="129165901200000000" remote="129165901200000000" />
<file name="text.js" server="paradigmasimulacra.es/html/" local="129165901200000000" remote="129165901200000000" />
</dwsync>