<?phpxml version="1.0" encoding="utf-8" ?>
<dwsync>
<file name="ajax.html" server="ftp.paradigmasimulacra.es//html/" local="129103479000000000" remote="129165900600000000" />
<file name="api.html" server="ftp.paradigmasimulacra.es//html/" local="129103479000000000" remote="129165900600000000" />
<file name="api_dialog.html" server="ftp.paradigmasimulacra.es//html/" local="129103479000000000" remote="129165900600000000" />
<file name="divreplace.html" server="ftp.paradigmasimulacra.es//html/" local="129103479000000000" remote="129165900600000000" />
<file name="enterkey.html" server="ftp.paradigmasimulacra.es//html/" local="129103479000000000" remote="129165900600000000" />
<file name="index.html" server="ftp.paradigmasimulacra.es//html/" local="129103479000000000" remote="129165900600000000" />
<file name="replacebyclass.html" server="ftp.paradigmasimulacra.es//html/" local="129103479000000000" remote="129165900600000000" />
<file name="replacebycode.html" server="ftp.paradigmasimulacra.es//html/" local="129103479000000000" remote="129165900600000000" />
<file name="sample.css" server="ftp.paradigmasimulacra.es//html/" local="129103479000000000" remote="129165900600000000" />
<file name="sample.js" server="ftp.paradigmasimulacra.es//html/" local="129103479000000000" remote="129165900600000000" />
<file name="sample_posteddata.php" server="ftp.paradigmasimulacra.es//html/" local="129103479000000000" remote="129165900600000000" />
<file name="skins.html" server="ftp.paradigmasimulacra.es//html/" local="129103479000000000" remote="129165900600000000" />
<file name="ui_color.html" server="ftp.paradigmasimulacra.es//html/" local="129103479000000000" remote="129165900600000000" />
<file name="ui_languages.html" server="ftp.paradigmasimulacra.es//html/" local="129103479000000000" remote="129165900600000000" />
<file name="ajax.html" server="paradigmasimulacra.es/html/" local="129165900600000000" remote="129165900600000000" />
<file name="api.html" server="paradigmasimulacra.es/html/" local="129165900600000000" remote="129165900600000000" />
<file name="api_dialog.html" server="paradigmasimulacra.es/html/" local="129165900600000000" remote="129165900600000000" />
<file name="divreplace.html" server="paradigmasimulacra.es/html/" local="129165900600000000" remote="129165900600000000" />
<file name="enterkey.html" server="paradigmasimulacra.es/html/" local="129165900600000000" remote="129165900600000000" />
<file name="index.html" server="paradigmasimulacra.es/html/" local="129165900600000000" remote="129165900600000000" />
<file name="replacebyclass.html" server="paradigmasimulacra.es/html/" local="129165900600000000" remote="129165900600000000" />
<file name="replacebycode.html" server="paradigmasimulacra.es/html/" local="129165900600000000" remote="129165900600000000" />
<file name="sample.css" server="paradigmasimulacra.es/html/" local="129165900600000000" remote="129165900600000000" />
<file name="sample.js" server="paradigmasimulacra.es/html/" local="129165900600000000" remote="129165900600000000" />
<file name="sample_posteddata.php" server="paradigmasimulacra.es/html/" local="129165900600000000" remote="129165900600000000" />
<file name="skins.html" server="paradigmasimulacra.es/html/" local="129165900600000000" remote="129165900600000000" />
<file name="ui_color.html" server="paradigmasimulacra.es/html/" local="129165900600000000" remote="129165900600000000" />
<file name="ui_languages.html" server="paradigmasimulacra.es/html/" local="129165900600000000" remote="129165900600000000" />
</dwsync>