<?phpxml version="1.0" encoding="utf-8" ?>
<dwsync>
<file name="ajax.js" server="ftp.paradigmasimulacra.es//html/" local="129103479000000000" remote="129165900600000000" />
<file name="ckeditor.js" server="ftp.paradigmasimulacra.es//html/" local="129103479000000000" remote="129165900600000000" />
<file name="ckeditor_base.js" server="ftp.paradigmasimulacra.es//html/" local="129103479000000000" remote="129165900600000000" />
<file name="ckeditor_basic.js" server="ftp.paradigmasimulacra.es//html/" local="129103479000000000" remote="129165900600000000" />
<file name="command.js" server="ftp.paradigmasimulacra.es//html/" local="129103479000000000" remote="129165900600000000" />
<file name="commanddefinition.js" server="ftp.paradigmasimulacra.es//html/" local="129103479000000000" remote="129165900600000000" />
<file name="config.js" server="ftp.paradigmasimulacra.es//html/" local="129103479000000000" remote="129165900600000000" />
<file name="dom.js" server="ftp.paradigmasimulacra.es//html/" local="129103479000000000" remote="129165900600000000" />
<file name="dtd.js" server="ftp.paradigmasimulacra.es//html/" local="129103479000000000" remote="129165900600000000" />
<file name="editor.js" server="ftp.paradigmasimulacra.es//html/" local="129103479000000000" remote="129165900600000000" />
<file name="editor_basic.js" server="ftp.paradigmasimulacra.es//html/" local="129103479000000000" remote="129165900600000000" />
<file name="env.js" server="ftp.paradigmasimulacra.es//html/" local="129103479000000000" remote="129165900600000000" />
<file name="event.js" server="ftp.paradigmasimulacra.es//html/" local="129103479000000000" remote="129165900600000000" />
<file name="eventInfo.js" server="ftp.paradigmasimulacra.es//html/" local="129103479000000000" remote="129165900600000000" />
<file name="focusmanager.js" server="ftp.paradigmasimulacra.es//html/" local="129103479000000000" remote="129165900600000000" />
<file name="htmlparser.js" server="ftp.paradigmasimulacra.es//html/" local="129103479000000000" remote="129165901200000000" />
<file name="imagecacher.js" server="ftp.paradigmasimulacra.es//html/" local="129103479000000000" remote="129165901200000000" />
<file name="lang.js" server="ftp.paradigmasimulacra.es//html/" local="129103479000000000" remote="129165901200000000" />
<file name="loader.js" server="ftp.paradigmasimulacra.es//html/" local="129103479000000000" remote="129165901200000000" />
<file name="plugindefinition.js" server="ftp.paradigmasimulacra.es//html/" local="129103479000000000" remote="129165901200000000" />
<file name="plugins.js" server="ftp.paradigmasimulacra.es//html/" local="129103479000000000" remote="129165901200000000" />
<file name="resourcemanager.js" server="ftp.paradigmasimulacra.es//html/" local="129103479000000000" remote="129165901200000000" />
<file name="scriptloader.js" server="ftp.paradigmasimulacra.es//html/" local="129103479000000000" remote="129165901200000000" />
<file name="skins.js" server="ftp.paradigmasimulacra.es//html/" local="129103479000000000" remote="129165901200000000" />
<file name="themes.js" server="ftp.paradigmasimulacra.es//html/" local="129103479000000000" remote="129165901200000000" />
<file name="tools.js" server="ftp.paradigmasimulacra.es//html/" local="129103479000000000" remote="129165901200000000" />
<file name="ui.js" server="ftp.paradigmasimulacra.es//html/" local="129103479000000000" remote="129165901200000000" />
<file name="xml.js" server="ftp.paradigmasimulacra.es//html/" local="129103479600000000" remote="129165901200000000" />
<file name="_bootstrap.js" server="ftp.paradigmasimulacra.es//html/" local="129103479600000000" remote="129165901200000000" />
<file name="_bootstrap.js" server="paradigmasimulacra.es/html/" local="129165901200000000" remote="129165901200000000" />
<file name="ajax.js" server="paradigmasimulacra.es/html/" local="129165900600000000" remote="129165900600000000" />
<file name="ckeditor.js" server="paradigmasimulacra.es/html/" local="129165900600000000" remote="129165900600000000" />
<file name="ckeditor_base.js" server="paradigmasimulacra.es/html/" local="129165900600000000" remote="129165900600000000" />
<file name="ckeditor_basic.js" server="paradigmasimulacra.es/html/" local="129165900600000000" remote="129165900600000000" />
<file name="command.js" server="paradigmasimulacra.es/html/" local="129165900600000000" remote="129165900600000000" />
<file name="commanddefinition.js" server="paradigmasimulacra.es/html/" local="129165900600000000" remote="129165900600000000" />
<file name="config.js" server="paradigmasimulacra.es/html/" local="129165900600000000" remote="129165900600000000" />
<file name="dom.js" server="paradigmasimulacra.es/html/" local="129165900600000000" remote="129165900600000000" />
<file name="dtd.js" server="paradigmasimulacra.es/html/" local="129165900600000000" remote="129165900600000000" />
<file name="editor.js" server="paradigmasimulacra.es/html/" local="129165900600000000" remote="129165900600000000" />
<file name="editor_basic.js" server="paradigmasimulacra.es/html/" local="129165900600000000" remote="129165900600000000" />
<file name="env.js" server="paradigmasimulacra.es/html/" local="129165900600000000" remote="129165900600000000" />
<file name="event.js" server="paradigmasimulacra.es/html/" local="129165900600000000" remote="129165900600000000" />
<file name="eventInfo.js" server="paradigmasimulacra.es/html/" local="129165900600000000" remote="129165900600000000" />
<file name="focusmanager.js" server="paradigmasimulacra.es/html/" local="129165900600000000" remote="129165900600000000" />
<file name="htmlparser.js" server="paradigmasimulacra.es/html/" local="129165901200000000" remote="129165901200000000" />
<file name="imagecacher.js" server="paradigmasimulacra.es/html/" local="129165901200000000" remote="129165901200000000" />
<file name="lang.js" server="paradigmasimulacra.es/html/" local="129165901200000000" remote="129165901200000000" />
<file name="loader.js" server="paradigmasimulacra.es/html/" local="129165901200000000" remote="129165901200000000" />
<file name="plugindefinition.js" server="paradigmasimulacra.es/html/" local="129165901200000000" remote="129165901200000000" />
<file name="plugins.js" server="paradigmasimulacra.es/html/" local="129165901200000000" remote="129165901200000000" />
<file name="resourcemanager.js" server="paradigmasimulacra.es/html/" local="129165901200000000" remote="129165901200000000" />
<file name="scriptloader.js" server="paradigmasimulacra.es/html/" local="129165901200000000" remote="129165901200000000" />
<file name="skins.js" server="paradigmasimulacra.es/html/" local="129165901200000000" remote="129165901200000000" />
<file name="themes.js" server="paradigmasimulacra.es/html/" local="129165901200000000" remote="129165901200000000" />
<file name="tools.js" server="paradigmasimulacra.es/html/" local="129165901200000000" remote="129165901200000000" />
<file name="ui.js" server="paradigmasimulacra.es/html/" local="129165901200000000" remote="129165901200000000" />
<file name="xml.js" server="paradigmasimulacra.es/html/" local="129165901200000000" remote="129165901200000000" />
</dwsync>