<?phpxml version="1.0" encoding="utf-8" ?>
<dwsync>
<file name="document.js" server="ftp.paradigmasimulacra.es//html/" local="129103479000000000" remote="129165900600000000" />
<file name="documentfragment.js" server="ftp.paradigmasimulacra.es//html/" local="129103479000000000" remote="129165900600000000" />
<file name="domobject.js" server="ftp.paradigmasimulacra.es//html/" local="129103479000000000" remote="129165900600000000" />
<file name="element.js" server="ftp.paradigmasimulacra.es//html/" local="129103479000000000" remote="129165900600000000" />
<file name="elementpath.js" server="ftp.paradigmasimulacra.es//html/" local="129103479000000000" remote="129165900600000000" />
<file name="event.js" server="ftp.paradigmasimulacra.es//html/" local="129103479000000000" remote="129165900600000000" />
<file name="node.js" server="ftp.paradigmasimulacra.es//html/" local="129103479000000000" remote="129165900600000000" />
<file name="nodelist.js" server="ftp.paradigmasimulacra.es//html/" local="129103479000000000" remote="129165900600000000" />
<file name="range.js" server="ftp.paradigmasimulacra.es//html/" local="129103479000000000" remote="129165900600000000" />
<file name="text.js" server="ftp.paradigmasimulacra.es//html/" local="129103479000000000" remote="129165900600000000" />
<file name="walker.js" server="ftp.paradigmasimulacra.es//html/" local="129103479000000000" remote="129165900600000000" />
<file name="window.js" server="ftp.paradigmasimulacra.es//html/" local="129103479000000000" remote="129165900600000000" />
<file name="document.js" server="paradigmasimulacra.es/html/" local="129165900600000000" remote="129165900600000000" />
<file name="documentfragment.js" server="paradigmasimulacra.es/html/" local="129165900600000000" remote="129165900600000000" />
<file name="domobject.js" server="paradigmasimulacra.es/html/" local="129165900600000000" remote="129165900600000000" />
<file name="element.js" server="paradigmasimulacra.es/html/" local="129165900600000000" remote="129165900600000000" />
<file name="elementpath.js" server="paradigmasimulacra.es/html/" local="129165900600000000" remote="129165900600000000" />
<file name="event.js" server="paradigmasimulacra.es/html/" local="129165900600000000" remote="129165900600000000" />
<file name="node.js" server="paradigmasimulacra.es/html/" local="129165900600000000" remote="129165900600000000" />
<file name="nodelist.js" server="paradigmasimulacra.es/html/" local="129165900600000000" remote="129165900600000000" />
<file name="range.js" server="paradigmasimulacra.es/html/" local="129165900600000000" remote="129165900600000000" />
<file name="text.js" server="paradigmasimulacra.es/html/" local="129165900600000000" remote="129165900600000000" />
<file name="walker.js" server="paradigmasimulacra.es/html/" local="129165900600000000" remote="129165900600000000" />
<file name="window.js" server="paradigmasimulacra.es/html/" local="129165900600000000" remote="129165900600000000" />
</dwsync>