<?phpxml version="1.0" encoding="utf-8" ?>
<dwsync>
<file name="dialog.css" server="ftp.paradigmasimulacra.es//html/" local="129103482600000000" remote="129165904200000000" />
<file name="editor.css" server="ftp.paradigmasimulacra.es//html/" local="129103482600000000" remote="129165904200000000" />
<file name="elementspath.css" server="ftp.paradigmasimulacra.es//html/" local="129103482600000000" remote="129165904200000000" />
<file name="icons.css" server="ftp.paradigmasimulacra.es//html/" local="129103482600000000" remote="129165904200000000" />
<file name="icons.png" server="ftp.paradigmasimulacra.es//html/" local="129103482600000000" remote="129165904200000000" />
<file name="mainui.css" server="ftp.paradigmasimulacra.es//html/" local="129103482600000000" remote="129165904800000000" />
<file name="menu.css" server="ftp.paradigmasimulacra.es//html/" local="129103482600000000" remote="129165904800000000" />
<file name="panel.css" server="ftp.paradigmasimulacra.es//html/" local="129103482600000000" remote="129165904800000000" />
<file name="presets.css" server="ftp.paradigmasimulacra.es//html/" local="129103482600000000" remote="129165904800000000" />
<file name="reset.css" server="ftp.paradigmasimulacra.es//html/" local="129103482600000000" remote="129165904800000000" />
<file name="richcombo.css" server="ftp.paradigmasimulacra.es//html/" local="129103482600000000" remote="129165904800000000" />
<file name="skin.js" server="ftp.paradigmasimulacra.es//html/" local="129103482600000000" remote="129165904800000000" />
<file name="templates.css" server="ftp.paradigmasimulacra.es//html/" local="129103482600000000" remote="129165904800000000" />
<file name="toolbar.css" server="ftp.paradigmasimulacra.es//html/" local="129103482600000000" remote="129165904800000000" />
<file name="dialog.css" server="paradigmasimulacra.es/html/" local="129165904200000000" remote="129165904200000000" />
<file name="editor.css" server="paradigmasimulacra.es/html/" local="129165904200000000" remote="129165904200000000" />
<file name="elementspath.css" server="paradigmasimulacra.es/html/" local="129165904200000000" remote="129165904200000000" />
<file name="icons.css" server="paradigmasimulacra.es/html/" local="129165904200000000" remote="129165904200000000" />
<file name="icons.png" server="paradigmasimulacra.es/html/" local="129165904200000000" remote="129165904200000000" />
<file name="mainui.css" server="paradigmasimulacra.es/html/" local="129165904800000000" remote="129165904800000000" />
<file name="menu.css" server="paradigmasimulacra.es/html/" local="129165904800000000" remote="129165904800000000" />
<file name="panel.css" server="paradigmasimulacra.es/html/" local="129165904800000000" remote="129165904800000000" />
<file name="presets.css" server="paradigmasimulacra.es/html/" local="129165904800000000" remote="129165904800000000" />
<file name="reset.css" server="paradigmasimulacra.es/html/" local="129165904800000000" remote="129165904800000000" />
<file name="richcombo.css" server="paradigmasimulacra.es/html/" local="129165904800000000" remote="129165904800000000" />
<file name="skin.js" server="paradigmasimulacra.es/html/" local="129165904800000000" remote="129165904800000000" />
<file name="templates.css" server="paradigmasimulacra.es/html/" local="129165904800000000" remote="129165904800000000" />
<file name="toolbar.css" server="paradigmasimulacra.es/html/" local="129165904800000000" remote="129165904800000000" />
</dwsync>