<?phpxml version="1.0" encoding="utf-8" ?>
<dwsync>
<file name="dialog_sides.gif" server="ftp.paradigmasimulacra.es//html/" local="129103482600000000" remote="129165904800000000" />
<file name="dialog_sides.png" server="ftp.paradigmasimulacra.es//html/" local="129103482600000000" remote="129165904800000000" />
<file name="dialog_sides_rtl.png" server="ftp.paradigmasimulacra.es//html/" local="129103482600000000" remote="129165904800000000" />
<file name="mini.gif" server="ftp.paradigmasimulacra.es//html/" local="129103482600000000" remote="129165904800000000" />
<file name="noimage.png" server="ftp.paradigmasimulacra.es//html/" local="129103482600000000" remote="129165904800000000" />
<file name="sprites.png" server="ftp.paradigmasimulacra.es//html/" local="129103482600000000" remote="129165904800000000" />
<file name="sprites_ie6.png" server="ftp.paradigmasimulacra.es//html/" local="129103482600000000" remote="129165904800000000" />
<file name="toolbar_start.gif" server="ftp.paradigmasimulacra.es//html/" local="129103482600000000" remote="129165904800000000" />
<file name="dialog_sides.gif" server="paradigmasimulacra.es/html/" local="129165904800000000" remote="129165904800000000" />
<file name="dialog_sides.png" server="paradigmasimulacra.es/html/" local="129165904800000000" remote="129165904800000000" />
<file name="dialog_sides_rtl.png" server="paradigmasimulacra.es/html/" local="129165904800000000" remote="129165904800000000" />
<file name="mini.gif" server="paradigmasimulacra.es/html/" local="129165904800000000" remote="129165904800000000" />
<file name="noimage.png" server="paradigmasimulacra.es/html/" local="129165904800000000" remote="129165904800000000" />
<file name="sprites.png" server="paradigmasimulacra.es/html/" local="129165904800000000" remote="129165904800000000" />
<file name="sprites_ie6.png" server="paradigmasimulacra.es/html/" local="129165904800000000" remote="129165904800000000" />
<file name="toolbar_start.gif" server="paradigmasimulacra.es/html/" local="129165904800000000" remote="129165904800000000" />
</dwsync>